{
  "total_return": 8.019072368250683,
  "annual_return": 0.29344091967170516,
  "annual_volatility": 0.24805057361740143,
  "sharpe": 1.1994327300891803,
  "max_drawdown": -0.27780460406956475,
  "calmar": 1.0562853004344914,
  "turnover_ratio": 36.63850933904186,
  "holding_ratio": 0.33622768933912206,
  "total_fees": 44094.584549319996,
  "trade_count": 667.0,
  "win_rate": 0.7784090909090909,
  "profit_factor": 10.643555339392623
}